sex	age	experiment
женский	19	аудио и видео
женский	19	аудио и видео
мужской	19	аудио и видео
женский	19	аудио и видео
женский	22	аудио и видео
мужской	19	аудио и видео
мужской	18	аудио и видео
мужской	19	аудио и видео
мужской	19	аудио и видео
мужской	17	аудио и видео
женский	17	аудио и видео
мужской	19	аудио и видео
женский	19	аудио и видео
мужской	19	аудио и видео
мужской	20	аудио и видео
мужской	23	аудио и видео
женский	45	аудио и видео
женский	77	аудио и видео
мужской	43	аудио и видео
женский	41	аудио и видео
мужской	66	аудио и видео
женский	27	аудио и видео
мужской	28	аудио и видео
мужской	50	аудио и видео
женский	47	аудио и видео
женский	70	аудио и видео
женский	45	аудио и видео
женский	21	аудио и видео
мужской	20	аудио и видео
женский	27	аудио и видео
женский	19	аудио и видео
женский	20	аудио и видео
женский	19	аудио и видео
мужской	12	аудио и видео
женский	41	аудио и видео
мужской	20	аудио и видео
мужской	40	аудио и видео
мужской	29	аудио и видео
мужской	20	аудио и видео
женский	19	аудио и видео
женский	19	аудио и видео
женский	26	аудио и видео
мужской	58	аудио и видео
мужской	28	аудио и видео
мужской	31	аудио и видео
мужской	29	аудио и видео
женский	56	аудио и видео
женский	59	аудио и видео
женский	46	аудио и видео
мужской	33	аудио и видео
мужской	27	аудио и видео
мужской	18	аудио и видео
мужской	19	аудио и видео
мужской	20	аудио и видео
мужской	45	аудио и видео
женский	63	аудио и видео
женский	36	аудио и видео
женский	15	аудио и видео
женский	14	аудио и видео
женский	20	аудио и видео
женский	20	аудио и видео
мужской	19	аудио и видео
мужской	23	аудио и видео
мужской	21	аудио и видео
мужской	20	аудио и видео
женский	23	аудио и видео
мужской	20	аудио и видео
мужской	21	аудио и видео
мужской	21	аудио и видео
мужской	19	аудио и видео
мужской	20	аудио и видео
мужской	19	аудио и видео
женский	20	аудио и видео
женский	21	аудио и видео
женский	19	аудио и видео
женский	20	аудио и видео
женский	19	аудио и видео
женский	20	аудио и видео
женский	20	аудио и видео
женский	19	аудио и видео
мужской	16	аудио и видео
женский	44	аудио и видео
женский	20	аудио и видео
женский	47	аудио и видео
женский	60	аудио и видео
женский	57	аудио и видео
мужской	20	аудио и видео
мужской	20	аудио и видео
мужской	20	аудио и видео
женский	20	аудио и видео
женский	20	аудио и видео
мужской	20	аудио и видео
мужской	19	аудио и видео
мужской	20	аудио и видео
мужской	20	аудио и видео
женский	47	аудио и видео
женский	64	аудио и видео
женский	23	аудио и видео
женский	56	аудио и видео
мужской	20	аудио и видео
мужской	22	аудио и видео
мужской	20	аудио и видео
женский	53	аудио и видео
женский	50	аудио и видео
женский	52	аудио и видео
мужской	19	аудио и видео
мужской	20	аудио и видео
мужской	18	аудио и видео
мужской	20	аудио и видео
мужской	21	аудио и видео
женский	19	аудио и видео
женский	21	аудио и видео
женский	19	аудио и видео
мужской	20	аудио и видео
женский	20	аудио и видео
женский	19	аудио и видео
женский	19	аудио и видео
мужской	18	аудио и видео
мужской	19	аудио и видео
мужской	18	аудио и видео
женский	19	только аудио
женский	21	только аудио
мужской	21	только аудио
женский	18	только аудио
женский	18	только аудио
мужской	19	только аудио
мужской	20	только аудио
мужской	20	только аудио
женский	18	только аудио
мужской	19	только аудио
женский	20	только аудио
женский	19	только аудио
женский	24	только аудио
женский	20	только аудио
женский	22	только аудио
мужской	19	только аудио
мужской	22	только аудио
мужской	22	только аудио
мужской	21	только аудио
мужской	19	только аудио
мужской	18	только аудио
мужской	19	только аудио
мужской	20	только аудио
мужской	48	только аудио
мужской	21	только аудио
женский	20	только аудио
женский	19	только аудио
женский	21	только аудио
женский	18	только аудио
женский	21	только аудио
